{"root":[{"assemblyName":"Cinemachine","nameSpace":"Cinemachine","className":"CinemachineStoryboard","methodName":"InitializeModule","loadTypes":0,"isUnityClass":false},{"assemblyName":"Cinemachine","nameSpace":"Cinemachine","className":"CinemachineCore","methodName":"InitializeModule","loadTypes":0,"isUnityClass":false},{"assemblyName":"Cinemachine","nameSpace":"Cinemachine","className":"UpdateTracker","methodName":"InitializeModule","loadTypes":0,"isUnityClass":false},{"assemblyName":"Cinemachine","nameSpace":"Cinemachine","className":"CinemachineImpulseManager","methodName":"InitializeModule","loadTypes":0,"isUnityClass":false},{"assemblyName":"Cinemachine","nameSpace":"Cinemachine.PostFX","className":"CinemachineVolumeSettings","methodName":"InitializeModule","loadTypes":0,"isUnityClass":false},{"assemblyName":"Unity.2D.Animation.Runtime","nameSpace":"","className":"__JobReflectionRegistrationOutput__2661788815","methodName":"EarlyInit","loadTypes":2,"isUnityClass":true},{"assemblyName":"Unity.2D.Animation.Runtime","nameSpace":"","className":"$BurstDirectCallInitializer","methodName":"Initialize","loadTypes":2,"isUnityClass":true},{"assemblyName":"Unity.2D.SpriteShape.Runtime","nameSpace":"","className":"__JobReflectionRegistrationOutput__681432207","methodName":"EarlyInit","loadTypes":2,"isUnityClass":true},{"assemblyName":"Unity.2D.SpriteShape.Runtime","nameSpace":"","className":"$BurstDirectCallInitializer","methodName":"Initialize","loadTypes":2,"isUnityClass":true},{"assemblyName":"Unity.Collections","nameSpace":"","className":"__JobReflectionRegistrationOutput__957298912","methodName":"EarlyInit","loadTypes":2,"isUnityClass":true},{"assemblyName":"Unity.Collections","nameSpace":"","className":"$BurstDirectCallInitializer","methodName":"Initialize","loadTypes":2,"isUnityClass":true},{"assemblyName":"Unity.RenderPipelines.Core.Runtime","nameSpace":"UnityEngine.Experimental.Rendering","className":"XRSystem","methodName":"XRSystemInit","loadTypes":3,"isUnityClass":true},{"assemblyName":"Unity.RenderPipelines.Core.Runtime","nameSpace":"UnityEngine.Rendering","className":"DebugUpdater","methodName":"RuntimeInit","loadTypes":0,"isUnityClass":true},{"assemblyName":"Unity.RenderPipelines.Universal.Runtime","nameSpace":"","className":"__JobReflectionRegistrationOutput__682868529","methodName":"EarlyInit","loadTypes":2,"isUnityClass":true},{"assemblyName":"Unity.VisualScripting.Core","nameSpace":"Unity.VisualScripting","className":"RuntimeVSUsageUtility","methodName":"RuntimeInitializeOnLoadBeforeSceneLoad","loadTypes":1,"isUnityClass":true}]}
